ticker,group,form_type,filing_date,period_of_report,doc_length_words,mentions_main,mentions_main_with_gpu,mentions_extended,mentions_per_10k_main,mentions_per_10k_main_gpu,mentions_per_10k_extended,ai_exposure_det_main,ai_exposure_det_main_gpu,ai_exposure_det_extended,excerpts_path,excerpts_char_count,ai_exposure_llm,llm_score_raw
NVDA,AI_infra,10-K,2022-03-18,2022-01-30,43126,27,67,1,6.260724388999676,15.535871631962156,0.231878681074062,1.0,1.0,0.951219512195122,data_cache/10k_excerpts/NVDA_excerpts.txt,12000,1.0,3.0
AMD,AI_infra,10-K,2022-02-03,2021-12-25,50760,11,33,0,2.167060677698976,6.501182033096927,0.0,0.6829268292682927,0.975609756097561,0.4634146341463415,data_cache/10k_excerpts/AMD_excerpts.txt,12000,0.67,2.0
AVGO,AI_infra,10-K,2021-12-17,2021-10-31,58775,16,16,0,2.7222458528285833,2.7222458528285833,0.0,0.8048780487804879,0.7560975609756098,0.4634146341463415,data_cache/10k_excerpts/AVGO_excerpts.txt,9317,0.67,2.0
TSM,AI_infra,20-F,2022-04-14,2021-12-31,71992,4,5,0,0.55561729081009,0.6945216135126124,0.0,0.2926829268292683,0.3170731707317073,0.4634146341463415,data_cache/10k_excerpts/TSM_excerpts.txt,2723,0.67,2.0
ASML,AI_infra,20-F,2022-02-09,2021-12-31,131405,17,19,0,1.293710284996766,1.4459114949963854,0.0,0.4634146341463415,0.5365853658536586,0.4634146341463415,data_cache/10k_excerpts/ASML_excerpts.txt,12000,0.67,2.0
AMAT,AI_infra,10-K,2021-12-17,2021-10-31,45475,7,7,0,1.5393073117097305,1.5393073117097305,0.0,0.5609756097560976,0.5609756097560976,0.4634146341463415,data_cache/10k_excerpts/AMAT_excerpts.txt,4785,0.33,1.0
LRCX,AI_infra,10-K,2022-08-24,2022-06-26,47084,4,4,0,0.8495454931611588,0.8495454931611588,0.0,0.3902439024390244,0.3902439024390244,0.4634146341463415,data_cache/10k_excerpts/LRCX_excerpts.txt,2066,0.33,1.0
KLAC,AI_infra,10-K,2022-08-05,2022-06-30,67648,1,1,0,0.1478240302743614,0.1478240302743614,0.0,0.1951219512195122,0.1951219512195122,0.4634146341463415,data_cache/10k_excerpts/KLAC_excerpts.txt,723,0.33,1.0
MU,AI_infra,10-K,2022-10-07,2022-09-01,43795,6,6,0,1.3700194086082886,1.3700194086082886,0.0,0.5121951219512195,0.4878048780487805,0.4634146341463415,data_cache/10k_excerpts/MU_excerpts.txt,4722,0.33,1.0
MRVL,AI_infra,10-K,2022-03-10,2022-01-29,63104,2,2,0,0.3169371196754564,0.3169371196754564,0.0,0.2439024390243902,0.2439024390243902,0.4634146341463415,data_cache/10k_excerpts/MRVL_excerpts.txt,2692,0.67,2.0
SMCI,AI_infra,10-K,2022-08-29,2022-06-30,80271,5,6,0,0.6228899602596205,0.7474679523115446,0.0,0.3414634146341463,0.3658536585365853,0.4634146341463415,data_cache/10k_excerpts/SMCI_excerpts.txt,10151,0.67,2.0
MSFT,AI_platforms,10-K,2022-07-28,2022-06-30,47448,11,11,0,2.3183274321362335,2.3183274321362335,0.0,0.7317073170731707,0.6829268292682927,0.4634146341463415,data_cache/10k_excerpts/MSFT_excerpts.txt,4116,1.0,3.0
GOOGL,AI_platforms,10-K,2022-02-02,2021-12-31,46881,5,5,0,1.0665301508073632,1.0665301508073632,0.0,0.4146341463414634,0.4146341463414634,0.4634146341463415,data_cache/10k_excerpts/GOOGL_excerpts.txt,3183,1.0,3.0
AMZN,AI_platforms,10-K,2022-02-04,2021-12-31,34709,7,7,0,2.0167679852487828,2.0167679852487828,0.0,0.6585365853658537,0.6585365853658537,0.4634146341463415,data_cache/10k_excerpts/AMZN_excerpts.txt,5285,0.67,2.0
META,AI_platforms,10-K,2022-02-03,2021-12-31,62402,12,12,0,1.9230152879715392,1.9230152879715392,0.0,0.6341463414634146,0.6341463414634146,0.4634146341463415,data_cache/10k_excerpts/META_excerpts.txt,11348,0.67,2.0
ORCL,AI_platforms,10-K,2022-06-21,2022-05-31,59823,14,14,1,2.3402370325794424,2.3402370325794424,0.1671597880413887,0.7560975609756098,0.7073170731707317,0.926829268292683,data_cache/10k_excerpts/ORCL_excerpts.txt,8737,0.67,2.0
CRM,AI_platforms,10-K,2022-03-11,2022-01-31,58512,8,8,0,1.3672409078479628,1.3672409078479628,0.0,0.4878048780487805,0.4634146341463415,0.4634146341463415,data_cache/10k_excerpts/CRM_excerpts.txt,8054,0.67,2.0
NOW,AI_platforms,10-K,2022-02-03,2021-12-31,48568,17,17,0,3.500247076264207,3.500247076264207,0.0,0.902439024390244,0.8780487804878049,0.4634146341463415,data_cache/10k_excerpts/NOW_excerpts.txt,8932,0.67,2.0
ADBE,AI_platforms,10-K,2022-01-21,2021-12-03,53006,17,17,0,3.207184092366902,3.207184092366902,0.0,0.8536585365853658,0.8048780487804879,0.4634146341463415,data_cache/10k_excerpts/ADBE_excerpts.txt,9112,1.0,3.0
IBM,AI_platforms,10-K,2022-02-22,2021-12-31,13673,7,7,0,5.119578731807211,5.119578731807211,0.0,0.975609756097561,0.951219512195122,0.4634146341463415,data_cache/10k_excerpts/IBM_excerpts.txt,5544,0.67,2.0
SNOW,AI_platforms,10-K,2022-03-30,2022-01-31,53815,20,20,0,3.71643593793552,3.71643593793552,0.0,0.926829268292683,0.902439024390244,0.4634146341463415,data_cache/10k_excerpts/SNOW_excerpts.txt,6168,0.67,2.0
AAPL,Broad_tech,10-K,2022-10-28,2022-09-24,29840,0,0,0,0.0,0.0,0.0,0.0975609756097561,0.0975609756097561,0.4634146341463415,data_cache/10k_excerpts/AAPL_excerpts.txt,0,,
CSCO,Broad_tech,10-K,2022-09-08,2022-07-30,57580,8,8,0,1.3893713094824591,1.3893713094824591,0.0,0.5365853658536586,0.5121951219512195,0.4634146341463415,data_cache/10k_excerpts/CSCO_excerpts.txt,3627,0.67,2.0
INTC,Broad_tech,10-K,2022-01-27,2021-12-25,63612,14,22,2,2.2008426083128967,3.4584669559202665,0.3144060869018424,0.7073170731707317,0.8292682926829268,0.975609756097561,data_cache/10k_excerpts/INTC_excerpts.txt,12000,0.67,2.0
TXN,Broad_tech,10-K,2022-02-04,2021-12-31,25118,3,3,0,1.1943626084879368,1.1943626084879368,0.0,0.4390243902439024,0.4390243902439024,0.4634146341463415,data_cache/10k_excerpts/TXN_excerpts.txt,1345,0.0,0.0
QCOM,Broad_tech,10-K,2022-11-02,2022-09-25,59019,10,11,4,1.6943696097866787,1.8638065707653464,0.6777478439146715,0.5853658536585366,0.5853658536585366,1.0,data_cache/10k_excerpts/QCOM_excerpts.txt,9531,0.67,2.0
INTU,Broad_tech,10-K,2022-09-02,2022-07-31,57666,20,20,0,3.4682481878403215,3.4682481878403215,0.0,0.8780487804878049,0.8536585365853658,0.4634146341463415,data_cache/10k_excerpts/INTU_excerpts.txt,10348,0.67,2.0
ACN,Broad_tech,10-K,2022-10-12,2022-08-31,46627,13,13,0,2.7880841572479462,2.7880841572479462,0.0,0.8292682926829268,0.7804878048780488,0.4634146341463415,data_cache/10k_excerpts/ACN_excerpts.txt,7994,0.67,2.0
PANW,Broad_tech,10-K,2022-09-06,2022-07-31,60375,27,27,0,4.472049689440994,4.472049689440994,0.0,0.951219512195122,0.926829268292683,0.4634146341463415,data_cache/10k_excerpts/PANW_excerpts.txt,10474,0.67,2.0
CDNS,Broad_tech,10-K,2022-02-22,2022-01-01,48129,9,9,0,1.8699744436826031,1.8699744436826031,0.0,0.6097560975609756,0.6097560975609756,0.4634146341463415,data_cache/10k_excerpts/CDNS_excerpts.txt,4814,0.67,2.0
ADSK,Broad_tech,10-K,2022-03-14,2022-01-31,59671,14,14,0,2.3461983207923445,2.3461983207923445,0.0,0.7804878048780488,0.7317073170731707,0.4634146341463415,data_cache/10k_excerpts/ADSK_excerpts.txt,5184,0.67,2.0
KO,Defensive,10-K,2022-02-22,2021-12-31,86103,2,2,0,0.2322799437882536,0.2322799437882536,0.0,0.2195121951219512,0.2195121951219512,0.4634146341463415,data_cache/10k_excerpts/KO_excerpts.txt,1029,0.67,2.0
PEP,Defensive,10-K,2022-02-10,2021-12-25,55499,4,4,0,0.720733706913638,0.720733706913638,0.0,0.3658536585365853,0.3414634146341463,0.4634146341463415,data_cache/10k_excerpts/PEP_excerpts.txt,4884,0.67,2.0
PG,Defensive,10-K,2022-08-05,2022-06-30,43874,0,0,0,0.0,0.0,0.0,0.0975609756097561,0.0975609756097561,0.4634146341463415,data_cache/10k_excerpts/PG_excerpts.txt,0,,
WMT,Defensive,10-K,2022-03-18,2022-01-31,48642,3,3,0,0.6167509559639817,0.6167509559639817,0.0,0.3170731707317073,0.2926829268292683,0.4634146341463415,data_cache/10k_excerpts/WMT_excerpts.txt,2724,0.33,1.0
JNJ,Defensive,10-K,2022-02-17,2022-01-02,62091,3,3,0,0.4831618108904671,0.4831618108904671,0.0,0.2682926829268293,0.2682926829268293,0.4634146341463415,data_cache/10k_excerpts/JNJ_excerpts.txt,1462,0.33,1.0
MRK,Defensive,10-K,2022-02-25,2021-12-31,84401,0,0,0,0.0,0.0,0.0,0.0975609756097561,0.0975609756097561,0.4634146341463415,data_cache/10k_excerpts/MRK_excerpts.txt,0,,
MCD,Defensive,10-K,2022-02-24,2021-12-31,36580,0,0,0,0.0,0.0,0.0,0.0975609756097561,0.0975609756097561,0.4634146341463415,data_cache/10k_excerpts/MCD_excerpts.txt,0,,
COST,Defensive,10-K,2022-10-05,2022-08-28,28287,0,0,0,0.0,0.0,0.0,0.0975609756097561,0.0975609756097561,0.4634146341463415,data_cache/10k_excerpts/COST_excerpts.txt,0,,
CL,Defensive,10-K,2022-02-17,2021-12-31,46196,0,0,0,0.0,0.0,0.0,0.0975609756097561,0.0975609756097561,0.4634146341463415,data_cache/10k_excerpts/CL_excerpts.txt,0,,
GIS,Defensive,10-K,2022-06-30,2022-05-29,43835,0,0,0,0.0,0.0,0.0,0.0975609756097561,0.0975609756097561,0.4634146341463415,data_cache/10k_excerpts/GIS_excerpts.txt,0,,
